{
    "0": {
        "a_1": 3.7516557872851516e-05,
        "a_ratio": 0.15852653677519404,
        "domega": 0.7800932022121826,
        "dphi": 3.761482191925223,
        "tau_1": 952.1928772176187,
        "tau_2": 740.0341235570629
    },
    "1": {
        "a_1": 5.902552855603126e-06,
        "a_ratio": 0.9700001226055084,
        "domega": 0.10292247147901223,
        "dphi": 4.448951217224888,
        "tau_1": 870.1908614016871,
        "tau_2": 613.0815613909125
    },
    "2": {
        "a_1": 8.326101981596213e-05,
        "a_ratio": 0.5261821623373412,
        "domega": 1.5212112147976886,
        "dphi": 1.152364521581569,
        "tau_1": 235.96893735792787,
        "tau_2": 206.3702181908876
    },
    "3": {
        "a_1": 4.325130736234737e-05,
        "a_ratio": 0.3682627577638106,
        "domega": 1.4607232426760908,
        "dphi": 0.8764657756906659,
        "tau_1": 312.49226599210067,
        "tau_2": 623.497307880708
    },
    "4": {
        "a_1": 4.566139142328189e-05,
        "a_ratio": 0.04931106148183773,
        "domega": 2.9620728443102124,
        "dphi": 3.23103026788615,
        "tau_1": 791.6206825512232,
        "tau_2": 223.68356869360895
    },
    "5": {
        "a_1": 6.0793730704953696e-05,
        "a_ratio": 0.8089721560721117,
        "domega": 4.828160165372797,
        "dphi": 5.962023665865352,
        "tau_1": 195.4083999766728,
        "tau_2": 93.10004519572112
    },
    "6": {
        "a_1": 3.053091554041973e-05,
        "a_ratio": 0.4966913793809364,
        "domega": 0.6101911742238941,
        "dphi": 2.7655596815831176,
        "tau_1": 124.74195058619236,
        "tau_2": 693.7060357167921
    },
    "7": {
        "a_1": 3.5354132594103176e-06,
        "a_ratio": 0.5215078171142774,
        "domega": 1.5585553804470549,
        "dphi": 4.162750282731995,
        "tau_1": 912.0407900164186,
        "tau_2": 281.01658215201644
    },
    "8": {
        "a_1": 5.471635690639364e-05,
        "a_ratio": 0.8951428683763659,
        "domega": 4.697494707820946,
        "dphi": 4.870303166855185,
        "tau_1": 209.30882185976122,
        "tau_2": 970.4970889316218
    },
    "9": {
        "a_1": 5.983020788322741e-05,
        "a_ratio": 0.32735433977097456,
        "domega": 0.22613644455269033,
        "dphi": 1.2313966416109714,
        "tau_1": 924.2180079724234,
        "tau_2": 115.83772699036192
    },
    "10": {
        "a_1": 3.892886123997925e-05,
        "a_ratio": 0.5440679949087737,
        "domega": 1.4046725484369038,
        "dphi": 2.241547260568599,
        "tau_1": 293.20856082067905,
        "tau_2": 833.8753838773714
    },
    "11": {
        "a_1": 1.4178330074978789e-05,
        "a_ratio": 0.2011195344895699,
        "domega": 3.861223846483287,
        "dphi": 6.200793499895842,
        "tau_1": 808.1310713314185,
        "tau_2": 102.3141243693777
    },
    "12": {
        "a_1": 6.516595006478797e-07,
        "a_ratio": 0.07682251777888809,
        "domega": 3.8563517334297286,
        "dphi": 4.580487127063731,
        "tau_1": 820.9975856011891,
        "tau_2": 715.6516235321886
    },
    "13": {
        "a_1": 3.591072628157284e-05,
        "a_ratio": 0.06636767523516557,
        "domega": 1.654490124263246,
        "dphi": 3.9162976324754704,
        "tau_1": 142.39298773937583,
        "tau_2": 867.2103230993257
    },
    "14": {
        "a_1": 3.116713393939466e-05,
        "a_ratio": 0.47379828038646343,
        "domega": 4.436063712881633,
        "dphi": 4.005891736501645,
        "tau_1": 345.4278223659446,
        "tau_2": 737.7179929879221
    },
    "15": {
        "a_1": 1.2047465169236341e-05,
        "a_ratio": 0.4953142095752976,
        "domega": 3.854835899772805,
        "dphi": 3.5266086410235924,
        "tau_1": 721.8474436063052,
        "tau_2": 767.9614971583906
    },
    "16": {
        "a_1": 5.232100965526121e-05,
        "a_ratio": 0.637501180029989,
        "domega": 0.15714592843367126,
        "dphi": 0.6779018288549695,
        "tau_1": 444.71478780779313,
        "tau_2": 54.65655294177233
    },
    "17": {
        "a_1": 3.150416250952504e-05,
        "a_ratio": 0.7562844851274195,
        "domega": 2.0519146151781484,
        "dphi": 1.5663492713822575,
        "tau_1": 523.3135704297617,
        "tau_2": 910.3394797083103
    },
    "18": {
        "a_1": 2.2956936732613083e-05,
        "a_ratio": 0.8086960184257237,
        "domega": 4.648488261712865,
        "dphi": 1.01298322327894,
        "tau_1": 104.6705125339292,
        "tau_2": 311.058909326355
    },
    "19": {
        "a_1": 6.33770352753913e-05,
        "a_ratio": 0.5407242151899038,
        "domega": 4.462794992449889,
        "dphi": 1.1722542527523705,
        "tau_1": 875.3167724820862,
        "tau_2": 809.5619145921411
    },
    "20": {
        "a_1": 8.076327150088986e-05,
        "a_ratio": 0.42882646526037754,
        "domega": 1.1396758127097084,
        "dphi": 0.6914766352191354,
        "tau_1": 899.2085609257884,
        "tau_2": 338.46337072270796
    },
    "21": {
        "a_1": 8.181967511565706e-05,
        "a_ratio": 0.22444148703931807,
        "domega": 2.087055015743895,
        "dphi": 3.2091199472369674,
        "tau_1": 864.9086657586531,
        "tau_2": 36.743566615254984
    },
    "22": {
        "a_1": 1.2074550196634914e-05,
        "a_ratio": 0.7039099020184924,
        "domega": 2.5939531087168306,
        "dphi": 2.0307439137101717,
        "tau_1": 357.4867162615191,
        "tau_2": 944.6224127951435
    },
    "23": {
        "a_1": 3.642659727769147e-05,
        "a_ratio": 0.30297567488731936,
        "domega": 2.4862425294619275,
        "dphi": 1.581994821737872,
        "tau_1": 972.6286202393319,
        "tau_2": 963.5738760938478
    },
    "24": {
        "a_1": 2.8555565388309013e-05,
        "a_ratio": 0.2808105248439016,
        "domega": 0.25739375624994676,
        "dphi": 3.1584254529789684,
        "tau_1": 65.78033893389681,
        "tau_2": 621.2774039604999
    },
    "25": {
        "a_1": 9.083576200806871e-05,
        "a_ratio": 0.24432910569696592,
        "domega": 4.928252270553004,
        "dphi": 3.0753223919344763,
        "tau_1": 262.37503394696324,
        "tau_2": 170.5480259284864
    },
    "26": {
        "a_1": 6.724634118584727e-05,
        "a_ratio": 0.6334089131017987,
        "domega": 1.838915663596266,
        "dphi": 4.575518262046003,
        "tau_1": 768.7710268688561,
        "tau_2": 260.5084176726277
    },
    "27": {
        "a_1": 6.338961810501338e-05,
        "a_ratio": 0.18895895486865466,
        "domega": 1.6039003248586792,
        "dphi": 5.248360367336741,
        "tau_1": 549.7014435525157,
        "tau_2": 117.58107695277606
    },
    "28": {
        "a_1": 4.173436641320915e-06,
        "a_ratio": 0.22881628787234415,
        "domega": 2.560465291496405,
        "dphi": 0.10422440299751429,
        "tau_1": 603.1661548925946,
        "tau_2": 687.2374309870139
    },
    "29": {
        "a_1": 6.455276176190405e-05,
        "a_ratio": 0.14010838131355527,
        "domega": 4.6836499436836725,
        "dphi": 2.4299298456425458,
        "tau_1": 199.1354361348417,
        "tau_2": 700.209605959392
    },
    "30": {
        "a_1": 3.417252846992083e-05,
        "a_ratio": 0.6610040938960765,
        "domega": 1.289708138575778,
        "dphi": 5.5124857345738185,
        "tau_1": 140.0693156033714,
        "tau_2": 926.9528097302059
    },
    "31": {
        "a_1": 8.174049780010146e-05,
        "a_ratio": 0.8975241106794668,
        "domega": 0.46551383902949606,
        "dphi": 1.5196027606934412,
        "tau_1": 568.5447872514785,
        "tau_2": 543.7610610053263
    },
    "32": {
        "a_1": 9.005176391061671e-05,
        "a_ratio": 0.8974189291727194,
        "domega": 3.629778394351197,
        "dphi": 2.1941484683327044,
        "tau_1": 644.1084135550699,
        "tau_2": 358.85889731723967
    },
    "33": {
        "a_1": 8.871993378408523e-05,