{
    "0": {
        "domega": [
            0.6818206262818047,
            0.8818206262818047
        ]
    },
    "1": {
        "domega": [
            0,
            0.2
        ]
    },
    "2": {
        "domega": [
            1.4217580047270841,
            1.6217580047270843
        ]
    },
    "3": {
        "domega": [
            1.36242340362534,
            1.5624234036253402
        ]
    },
    "4": {
        "domega": [
            2.8632397844341613,
            3.0632397844341615
        ]
    },
    "5": {
        "domega": [
            4.727044313159535,
            4.927044313159534
        ]
    },
    "6": {
        "domega": [
            0.51079736428266,
            0.7107973642826599
        ]
    },
    "7": {
        "domega": [
            1.4601509819105656,
            1.6601509819105658
        ]
    },
    "8": {
        "domega": [
            4.597904298996916,
            4.797904298996915
        ]
    },
    "9": {
        "domega": [
            0.12686759244784512,
            0.32686759244784513
        ]
    },
    "10": {
        "domega": [
            1.3030888025235958,
            1.503088802523596
        ]
    },
    "11": {
        "domega": [
            3.7602393422664107,
            3.960239342266411
        ]
    },
    "12": {
        "domega": [
            3.756749071613367,
            3.956749071613367
        ]
    },
    "13": {
        "domega": [
            1.5543882895427472,
            1.7543882895427474
        ]
    },
    "14": {
        "domega": [
            4.3361340000186335,
            4.536134000018633
        ]
    },
    "15": {
        "domega": [
            3.753258800960323,
            3.9532588009603233
        ]
    },
    "16": {
        "domega": [
            0,
            0.2
        ]
    },
    "17": {
        "domega": [
            1.9522791439897373,
            2.1522791439897375
        ]
    },
    "18": {
        "domega": [
            4.549040509854303,
            4.749040509854303
        ]
    },
    "19": {
        "domega": [
            4.3640561652429835,
            4.564056165242983
        ]
    },
    "20": {
        "domega": [
            1.041318503545313,
            1.2413185035453131
        ]
    },
    "21": {
        "domega": [
            1.9871818505201748,
            2.187181850520175
        ]
    },
    "22": {
        "domega": [
            2.493271095211522,
            2.693271095211522
        ]
    },
    "23": {
        "domega": [
            2.3850727049671647,
            2.585072704967165
        ]
    },
    "24": {
        "domega": [
            0.15828002832523905,
            0.3582800283252391
        ]
    },
    "25": {
        "domega": [
            4.828262162097805,
            5.028262162097804
        ]
    },
    "26": {
        "domega": [
            1.7393726341540674,
            1.9393726341540676
        ]
    },
    "27": {
        "domega": [
            1.5055245004001345,
            1.7055245004001347
        ]
    },
    "28": {
        "domega": [
            2.4618586593341276,
            2.661858659334128
        ]
    },
    "29": {
        "domega": [
            4.583943216384741,
            4.78394321638474
        ]
    },
    "30": {
        "domega": [
            1.1914001416261952,
            1.3914001416261954
        ]
    },
    "31": {
        "domega": [
            0.3642059968548216,
            0.5642059968548215
        ]
    },
    "32": {
        "domega": [
            3.529881479165522,
            3.729881479165522
        ]
    },
    "33": {
        "domega": [
            0.7097427915061549,
            0.9097427915061549
        ]
    },
    "34": {
        "domega": [
            0,
            0.2
        ]
    },
    "35": {
        "domega": [
            3.460076066104646,
            3.6600760661046463
        ]
    },
    "36": {
        "domega": [
            3.187834955167232,
            3.387834955167232
        ]
    },
    "37": {
        "domega": [
            4.7654372903430176,
            4.965437290343017
        ]
    },
    "38": {
        "domega": [
            2.7829635594141546,
            2.982963559414155
        ]
    },
    "39": {
        "domega": [
            3.128500354065488,
            3.328500354065488
        ]
    },
    "40": {
        "domega": [
            0,
            0.2
        ]
    },
    "41": {
        "domega": [
            1.3728942155844712,
            1.5728942155844714
        ]
    },
    "42": {
        "domega": [
            4.580452945731697,
            4.780452945731696
        ]
    },
    "43": {
        "domega": [
            0.601544401261798,
            0.8015444012617979
        ]
    },
    "44": {
        "domega": [
            1.6974893863175418,
            1.897489386317542
        ]
    },
    "45": {
        "domega": [
            2.4583683886810843,
            2.6583683886810845
        ]
    },
    "46": {
        "domega": [
            4.350095082630808,
            4.550095082630807
        ]
    },
    "47": {
        "domega": [
            2.2280105255801947,
            2.428010525580195
        ]
    },
    "48": {
        "domega": [
            4.011538829285563,
            4.211538829285562
        ]
    },
    "49": {
        "domega": [
            3.0133214225150438,
            3.213321422515044
        ]
    }
}
