{
    "0": {
        "domega": [
            0.18735725008332094,
            0.5015165154423002
        ]
    },
    "1": {
        "domega": [
            0.199279778268664,
            0.5134390436276433
        ]
    },
    "2": {
        "domega": [
            0.2028174670477375,
            0.5169767324067168
        ]
    },
    "3": {
        "domega": [
            0.19496684647684515,
            0.5091261118358245
        ]
    },
    "4": {
        "domega": [
            0,
            0.3141592653589793
        ]
    },
    "5": {
        "domega": [
            0,
            0.3141592653589793
        ]
    },
    "6": {
        "domega": [
            0,
            0.3141592653589793
        ]
    },
    "7": {
        "domega": [
            0,
            0.3141592653589793
        ]
    },
    "8": {
        "domega": [
            0.21966892616442985,
            0.5338281915234091
        ]
    },
    "9": {
        "domega": [
            0.23189377024289032,
            0.5460530356018696
        ]
    },
    "10": {
        "domega": [
            0.2210007754391185,
            0.5351600407980979
        ]
    },
    "11": {
        "domega": [
            0.21721180964636383,
            0.5313710750053431
        ]
    },
    "12": {
        "domega": [
            0.23675959464776863,
            0.550918860006748
        ]
    },
    "13": {
        "domega": [
            0,
            0.3141592653589793
        ]
    },
    "14": {
        "domega": [
            0,
            0.3141592653589793
        ]
    },
    "15": {
        "domega": [
            0,
            0.3141592653589793
        ]
    },
    "16": {
        "domega": [
            2.74502761326889,
            3.0591868786278695
        ]
    },
    "17": {
        "domega": [
            0,
            0.3141592653589793
        ]
    },
    "18": {
        "domega": [
            0,
            0.3141592653589793
        ]
    },
    "19": {
        "domega": [
            0,
            0.3141592653589793
        ]
    },
    "20": {
        "domega": [
            0,
            0.3141592653589793
        ]
    },
    "21": {
        "domega": [
            0,
            0.3141592653589793
        ]
    },
    "22": {
        "domega": [
            0,
            0.3141592653589793
        ]
    },
    "23": {
        "domega": [
            0,
            0.3141592653589793
        ]
    },
    "24": {
        "domega": [
            0,
            0.3141592653589793
        ]
    },
    "25": {
        "domega": [
            0,
            0.3141592653589793
        ]
    },
    "26": {
        "domega": [
            0,
            0.3141592653589793
        ]
    },
    "27": {
        "domega": [
            0.36790132354920824,
            0.6820605889081875
        ]
    },
    "28": {
        "domega": [
            0.35119404005301047,
            0.6653533054119898
        ]
    },
    "29": {
        "domega": [
            0.34259844303846687,
            0.6567577083974462
        ]
    },
    "30": {
        "domega": [
            0.36789391740308797,
            0.6820531827620673
        ]
    },
    "31": {
        "domega": [
            0.35104669620429796,
            0.6652059615632773
        ]
    },
    "32": {
        "domega": [
            0.20607169776038914,
            0.5202309631193685
        ]
    },
    "33": {
        "domega": [
            0.19062291932942882,
            0.5047821846884082
        ]
    },
    "34": {
        "domega": [
            0.18977387737931445,
            0.5039331427382938
        ]
    },
    "35": {
        "domega": [
            0.19556007311600876,
            0.5097193384749881
        ]
    },
    "36": {
        "domega": [
            0,
            0.3141592653589793
        ]
    },
    "37": {
        "domega": [
            0,
            0.3141592653589793
        ]
    },
    "38": {
        "domega": [
            0,
            0.3141592653589793
        ]
    },
    "39": {
        "domega": [
            0,
            0.3141592653589793
        ]
    },
    "40": {
        "domega": [
            0,
            0.3141592653589793
        ]
    },
    "41": {
        "domega": [
            0,
            0.3141592653589793
        ]
    },
    "42": {
        "domega": [
            0,
            0.3141592653589793
        ]
    },
    "43": {
        "domega": [
            0,
            0.3141592653589793
        ]
    },
    "44": {
        "domega": [
            2.7192446262590817,
            3.033403891618061
        ]
    },
    "45": {
        "domega": [
            0,
            0.3141592653589793
        ]
    },
    "46": {
        "domega": [
            0,
            0.3141592653589793
        ]
    }
}
